Column,Source,Title,Description,URL
0,New York Times,gop proposes 1 billion in immigration bill for trumps ballroom project,the money would go toward security improvements as part of an east wing construction project including a new ballroom that president trump has said would be built with private dollars,https://www.nytimes.com/2026/05/05/us/politics/republicans-immigration-bill-trump-ballroom.html
7,ABC News,immigrants targeted by scams amid trump administrations deportation push,the relatives of some migrants in ice detention are being scammed into paying for fake legal services that purport to help free them law enforcement officials say,https://abcnews.com/US/fake-courtrooms-sham-hearings-immigrants-targeted-scams-amid/story?id=132638558
21,alternet,trump doj makes rare apology after gaffe threatened judges job,president donald trumps justice department issued a rare apology to a bidenappointed district judge after withholding key information about the charges leveled against an undocumented immigrant that she ordered to be released from detention leading to calls for her impeachment marking the latest flub in a growing trend of incidents from the agencyus district court judge melissa dubose was appointed to the bench in the district of rhode island during the final days of her term last week she issued a ruling ordering that brian rafael gomez be released from ice custody pending a bond,https://www.alternet.org/trump-doj-mistake/
77,ABC News,house republicans narrowly approve blueprint to fund ice cbp,after drama and delay house republicans narrowly approved a blueprint for legislation to fund immigration enforcement agencies,https://abcnews.com/Politics/house-republicans-narrowly-approve-blueprint-fund-ice-cbp/story?id=132534420
81,BBC News - US & Canada,us house votes to end government shutdown over immigration operations,the bill already passed in the us senate now moves to the desk of president donald trump who is expected to swiftly sign the legislation,https://www.bbc.com/news/articles/ce3pw5x3z54o?at_medium=RSS&at_campaign=rss
87,alternet,like a horror movie us coast guard on track to run out of money this week,the us coast guard will be out of money at the end of this week if congress doesnt step in cbs news reported that the military branch is now  days into the longest government shutdown in us history which is impacting the department of homeland security last year dhs was given considerable budget for immigration and customs enforcement ice and us customs and border protection cbp so republicans have fought to give them even more in the new budget it has held up all dhs funding now the coast guard owes over  million in unpaid contracts there are thousands of utility,https://www.alternet.org/coast-guard/
101,The New York Times,house adopts budget to unlock 70 billion for immigration enforcement,the measure will allow the gop to begin working on a filibusterproof bill to fund ice and cbp part of their plan to reopen the longshuttered department of homeland security,https://www.nytimes.com/2026/04/29/us/politics/house-ice-budget-immigration.html
109,The New York Times,trump administration sues new jersey governor over ice mask ban,new jersey where mikie sherrill is governor is one of only a few states to try to bar federal immigration agents from wearing masks,https://www.nytimes.com/2026/04/29/nyregion/new-jersey-trump-ice-mask-lawsuit.html
111,ABC News,scotus considers trumps bid to end temporary protected status for haitians syrians,the supreme court grappled with whether the trump admin has the authority to end humanitarian protections for thousands of immigrants without facing judicial review,https://abcnews.com/US/scotus-considers-trumps-bid-end-temporary-protected-status/story?id=132502767
146,alternet,a 400 million dance floor trumps white house wish hits a wall,president donald trump wants to use the assassination attempt against him to incentivize the building a white house ballroom  but at least one possible route for achieving this may be closed off to himsenate majority leader john thune was noncommittal monday over whether congress could greenlight construction of the white house ballroom as part of the gops partyline immigration enforcement bill politico reported on monday quoting him as saying i dont know well see whats achievablein the aftermath of the attempt on trumps life at the white house correspondents,https://www.alternet.org/a-400m/
166,The New York Times,the hard life of an immigrant whose killing became a symbol for trump,president trump posted surveillance footage of nilufa easmins brutal killing by another immigrant to advance his agenda behind the rhetoric was a more nuanced story,https://www.nytimes.com/2026/04/26/us/the-hard-life-of-an-immigrant-whose-killing-became-a-symbol-for-trump.html
178,The New York Times,tennessee passed a slate of immigration bills heres what they do,the republican supermajority in the tennessee general assembly approved a series of immigrations bills crafted in coordination with the white house,https://www.nytimes.com/2026/04/25/us/politics/tennessee-immigration-bills-what-to-know.html
179,The New York Times,under trump green card seekers face new scrutiny for views on israel,in guidance to immigration officers the administration describes participating in propalestinian protests and criticizing israel as overwhelmingly negative factors,https://www.nytimes.com/2026/04/25/us/politics/trump-green-cards-scrutiny.html
182,The New York Times,the 85yearold widow snagged by trumps immigration crackdown,in her first interview since being deported mariethérèse rossmahé the french widow of a former gi recounted her experience in ice detention,https://www.nytimes.com/2026/04/25/us/french-ross-mahe-ice-detention.html
192,alternet,conservative sounds alarm trump conspiracies are tearing the gop apart,conservative columnist and commentator matt lewis thinks that conspiracies about president donald trump have reached a whole new level and hes sounding the alarm writing for the hill on friday lewis commented that for someone known for creating so many conspiracy theories it has become a live by the sword  die by the sword life in the second term of trumps presidency for the past ten years nothing trump said or did could bring him down his conspiracies about former president barack obama and false claims that haitian immigrants were eating peoples pets have been mocked but didn,https://www.alternet.org/trump-conspiracy-theories-2676810510/
193,alternet,trump humiliated as republicans say his no 1 priority is dead in the water,president donald trump recently proclaimed that the save act was his number one priority but according to lawmakers who spoke with notus the bill is dead in the water with one source saying that horse has left the barnthe save act is a sweeping election reform proposal built largely on the back of trumps longdebunked claims that immigrants are illegally voting in massive numbers among other provisions the bill would require individuals to present proof of citizenship and id when registering to vote and when voting in person critics have argued that this would disenfranchise a,https://www.alternet.org/trump-voting-save-act/
207,The New York Times,trump reposts antiimmigrant tirade calling china and india hellhole places,the president touched off a furor with his post sharing a podcast episode in which the host referred to china and india as hellhole places,https://www.nytimes.com/2026/04/23/us/politics/trump-china-india-immigrants.html
209,alternet,lawyer says his office  flooded with americans escaping to canada,president donald trumps policies are so unpopular many americans are considering fleeing to their northern neighbor  and it appears a new canadian policy intended to help them is so popular one lawyers office is inundated with callsnicholas berning an immigration attorney at boundary bay law in bellingham washington said his practice is ‘pretty much flooded with this reported the associated press sarah raza on thursday berning was referring to americans who believe that because canada will now extend citizenship to anyone who can prove an ancestor was born in their,https://www.alternet.org/trump-unpopular-canada-leader/
224,alternet,vile racist trump promotes unhinged antibirthright citizenship screed,president donald trump used his truth social platform wednesday to amplify a racist antiimmigrant screed attacking birthright citizenship that calls india and china  two of americas most critical strategic partners  hellhole nations discusses defying the supreme court and urges federal prosecution of the countrys leading civil liberties organizationthe attack a transcript from a savage nation podcast details rightwing radio host michael savages response to recent supreme court arguments in trump v barbara  a case in which the aclu is challenging trumps,https://www.alternet.org/send/trump-birthright/
230,The New York Times,senate adopts gop budget laying the groundwork to fund ice and reopen dhs,republicans pushed through a budget plan with a  billion increase for immigration enforcement after an overnight session in which they beat back democratic proposals aimed at lowering costs,https://www.nytimes.com/2026/04/23/us/politics/senate-gop-budget-immigration.html
233,BBC News - US & Canada,us senate clears key hurdle in bid to fund two immigration agencies,the measure now requires approval from the house if lawmakers are to succeed at fully reopening the government,https://www.bbc.com/news/articles/cr7118kn0rjo?at_medium=RSS&at_campaign=rss
239,The New York Times,senate adopts gop budget defeating democrats affordability proposals,republicans pushed through a budget plan with a  billion increase for immigration enforcement after an overnight session in which they beat back democratic proposals aimed at lowering costs,https://www.nytimes.com/2026/04/23/us/politics/senate-plunges-into-vote-marathon-as-gop-advances-ice-funding-boost.html
247,ABC News,us army sergeants wife faces deportation to mexico attorney says,an attorney representing the wife of an activeduty us army sergeant said she was misled about her release from immigration detention wednesday and faces deportation,https://abcnews.com/US/us-army-sergeants-wife-told-shed-released-faces/story?id=132295017
291,The New York Times,senate republicans push forward on measure to fund ice through 2029,the resolution would pave the way for republicans to push through a  billion infusion to pay for immigration enforcement for the remainder of president trumps tenure,https://www.nytimes.com/2026/04/21/us/politics/senate-republicans-budget-ice.html
316,alternet,the supreme court just told us trump is going to lose this case foremost expert,while admitting that trying to predict rulings from the supreme court can be foolish a veteran court reporter for the new york times nevertheless predicted that president donald trump is cruising for an inevitable defeat in one particular caselinda greenhouse is a pulitzer prizewinning reporter known for covering the supreme court for the times from  to  in a new piece published thursday morning she highlighted an ongoing case involving the trump administrations efforts to revoke temporary protected status from haitian and syrian immigrants trump v miot and mullin v doe the,https://www.alternet.org/immigration-supreme-court-cases/
327,The New York Times,justice sotomayor apologizes for highly personal criticism of justice kavanaugh,at the university of kansas school of law last week she criticized her colleague while discussing his views in an immigrationrelated case,https://www.nytimes.com/2026/04/15/us/politics/supreme-court-sotomayor-kavanaugh.html
338,alternet,judge tears apart trump officials excuse  and issues fine,something happened on wednesday that one civil rights lawyer called inconceivable  months ago a justice department prosecutor was sanctioned by a judge it may not seem like a big deal after all it was only  but political legal reporter kyle cheney explained that it was after a prosecutor used a commonly heard phrase in court for the past  months the doj has been completely overwhelmed american citizens and legal immigrants are being swept up in president donald trumps mass deportation efforts and the president is breathing down the necks of the doj to go after his political,https://www.alternet.org/justice-department-2676735712/
350,alternet,america is better than trump and his chief bigot,trumps chief bigot stephen miller said on fox news that immigrants to the united states bring problems that extend through generationsnot only is the first generation unsuccessful miller claimed you see persistent issues in every subsequent generation so you see consistent high rates of welfare use consistent high rates of criminal activity consistent failures to assimilatebullshit the children and grandchildren and greatgrandchildren of most immigrants are models of upward mobility in americain a recent paper researchers found that immigrants today are no slower to,https://www.alternet.org/trump-miller-bigots/
363,alternet,gop consultant predicts epsteins depravity will collapse after midterms,president donald trump may act like he is answerable to no one but an exrepublican consultant warns that he and the rest of the epstein class are nearing the end of their heydayeveryone knows how much the trump family cares about the little people wrote steve schmidt who previously advised president george w bush in a substack post on tuesday he then showed a picture of first lady melania trump going to an immigrant detention facility wearing a jacket saying i dont really care do ushes a beautiful soul schmidt wrote sarcastically and then proceeded to,https://www.alternet.org/jefftrey-epsteoin-donald-trump/
371,The New York Times,at a difficult time a minnesota museum offers respite to somalis,as one of the few institutions of its kind in the world the somali museum of minnesota has become a center of the immigrant community,https://www.nytimes.com/2026/04/14/arts/design/somali-museum-minnesota.html
372,The New York Times,how stephen miller is adjusting trumps immigration agenda,after the chaos and death that ensued during the deportation raids in minneapolis stephen miller the architect of president trumps mass deportation campaign is changing course on immigration our white house correspondent zolan kannoyoungs explains how the administrations strategy is shifting,https://www.nytimes.com/video/us/politics/100000010832126/stephen-miller-trump-immigration-crackdown.html
380,The New York Times,undocumented immigrants fear tax data will be shared with ice,fears that the irs could share their data with ice have turned tax season into a gamble for people who are in the country illegally,https://www.nytimes.com/2026/04/14/us/undocumented-immigrants-ice-tax-returns-irs.html
384,alternet,nyt board breaks down newly revealed road map for toppling trump,the landslide defeat of hungarian prime minister viktor orbán was not just a repudiation of his authoritarian rule and a blow to the global farright movement according to the new york times editorial board it also revealed a road map for toppling president donald trumporbán has been a close ally to the maga movement in the us so much so that vice president jd vance was dispatched to hungary to campaign on his behalf the outgoing prime ministers efforts to exploit the judiciary redraw electoral maps in his favor target immigrants and consolidate media control under his allies have,https://www.alternet.org/trump-orban-2676710019/
396,The New York Times,prosecutors investigate ice agents who detained chongly scott thao in minnesota,chongly scott thao a naturalized us citizen was briefly detained during a federal immigration crackdown in minnesota in january,https://www.nytimes.com/2026/04/13/us/ice-minnesota-arrest-immigration-investigation.html
415,alternet,trumps threat against pope leo is exactly why francis shaped him for the job,in recent days we learned that pope leo will likely not visit the united states during trumps presidency and declined an invite to the th birthday celebrationsthe tensions between the vatican and the us have been clear as leo has slammed trump for his brutal attacks on immigrants and now his reckless war in iran in which trump threatened to wipe out an entire civilization a report has now surfaced that the pentagonnot the state departmentcalled the vaticans ambassador in for a meeting in january after the popes state of the world speech in which he criticized,https://www.alternet.org/trump-francis-leo/
420,The New York Times,second venezuelan doctor detained in south texas by immigration agents,an er doctor was detained saturday just days after a family physician had been detained both were traveling when immigration agents took them into custody,https://www.nytimes.com/2026/04/11/us/second-venezuelan-doctor-detained-in-south-texas-by-immigration-agents.html
422,The New York Times,judges fired after blocking deportations of propalestinian students,the immigration judges abrupt dismissals marked the latest efforts by the trump administration to reshape the countrys immigration courts,https://www.nytimes.com/2026/04/11/us/politics/immigration-judges-deportations-students.html
424,alternet,red state extremist group flames out after hometown unravels,the guardian reports a small west virginia town is still trying to recover from becoming the face of white nationalism after a nonprofit selling white replacement theory and other conspiracies moved in and began flooding the internet with conspiraciesberkeley springs west virginia residents learned peter and lydia brimelow  owners of the controversial online publication vdare  bought property in the area in critics have accused the antiimmigration publication of being the genteel face of a constellation of white nationalist groups reports the guardian  vdare,https://www.alternet.org/racism-republican-party-nick-fuentes/
445,The New York Times,the mass purge of immigration judges and melania trumps surprise epstein remarks,plus your friday news quiz,https://www.nytimes.com/2026/04/10/podcasts/the-headlines/immigration-judges-melania-trumps-epstein-remarks.html
468,The New York Times,questions about nc stabbing suspects mental illness loom over case,decarlos brown jr who is charged with murdering a ukrainian immigrant was found incapable of proceeding to state trial a federal case against him will come first,https://www.nytimes.com/2026/04/09/us/charlotte-rail-stabbing-decarlos-brown-iryna-zarutska.html
476,alternet,bombshell report proves evangelicals dragging catholics deeper into heresy jesuit priest,amid the escalating attacks against pope leo xiv by the trump administration a jesuit priest hit back claiming that the conflict was not the result of the religious leader being woke but rather american conservatives veering deeper into heresypresident donald trump and his allies have been in a feud of sorts with the american pope since he ascended to the role last spring and began espousing views counter to the maga agenda including respect and dignity for immigrants as well as opposition to armed conflicts the feud reached a new high this week after christopher hale a chronicler,https://www.alternet.org/jesuit-priest-torches-on-pope-as-conservatism-veering-deeper-into-heresy/
477,The New York Times,how trump purged immigration judges to speed up deportations,judges are ordering an unprecedented number of people deported after coming under significant pressure from the administration to do so or risk losing their jobs,https://www.nytimes.com/2026/04/09/us/politics/trump-miller-immigration-judges-purge.html
503,The New York Times,peter schrag dies at 94 wrote of dangers of californias populist streak,his bestreceived book explored the states infatuation with voter initiatives which were sometimes pushed with an antiimmigrant fervor,https://www.nytimes.com/2026/04/07/books/peter-schrag-dead.html
505,The New York Times,newlywed wife of us soldier released from immigration detention,the couple had gone to the husbands army base to complete paperwork so they could move in together but within hours that plan derailed and new york times reporting about the case quickly spread,https://www.nytimes.com/2026/04/07/us/ice-newlywed-military-wife-detain.html
508,alternet,gop infighting heats up as lawmakers battle over key policy,in  alone the united states has faced two partial shutdowns of the federal government a brief shutdown in late january/early february and a much longer one that has been going on since valentines day both of them followed an october/november  shutdownthe current shutdown involves funding for the us department of homeland security dhs many democratic lawmakers are happy to fund the transportation security administration tsa but not us immigration and customs enforcement ice both of which fall under the dhs umbrellabut the clashes over dhs funding within congress go,https://www.alternet.org/freedom-caucus-dhs-ice/
520,alternet,this lacks evidence nyt factcheck debunks trumps new election claims,more than five years and five months after losing the united states  presidential race to democrat joe biden president donald trump continues to claim without evidence that the election was stolen from him that claim that was repeatedly debunked by one vote recount after another yet trump maintains that voter fraud is rampant in the united states  including voting by undocumented immigrants and trump is using that claim to push the safeguard american voter eligibility act the save act or save american act which critics of the bill say would make voting unnecessarily difficult,https://www.alternet.org/trump-election-fact-check/
523,ABC News,ice arrests newlywed wife of army soldier at military base,immigration and customs enforcement agents arrested the wife of a us army staff sergeant at the military base where he is stationed days after their wedding,https://abcnews.com/US/ice-arrests-newlywed-wife-army-soldier-military-base/story?id=131780087
527,alternet,wsj compares trumps messaging to baghdad bob propaganda,president donald trumps approval ratings are in roughly the same territory as president joe bidens when he was defeated in the  election a conservative columnist wrote on monday  and trump is at least partially to blame for thatso far its worked out well on immigration and sex although neither the method of implementation nor the presidents affect has been normal wrote gerard baker of the wall street journal regarding trumps second term agenda and its popularity although baker agreed with trumps antitransgender and antiimmigrant policies he argued that the same,https://www.alternet.org/wsj-trump-2676672149/
528,ABC News,immigrant toddler was sexually abused while in custody lawyer says,a lawyer says a toddler spent several months in custody  and was allegedly sexually abused  even though her father a legal resident was available to care for her,https://abcnews.com/US/immigrant-toddler-sexually-abused-custody-father-sought-release/story?id=131779790
537,alternet,trump doj is infuriating judges as experts say his contempt for the law is backfiring,the justice department is dealing with absolute chaos after a number of district court judges issued strong rulings challenging the legality of some of president donald trumps moves not only is trumps administration dealing with losses by us attorneys in immigrationrelated cases and losing in trumps retribution cases but the doj is also losing when it comes to defending his executive power grabs wrote the guardians peter stone on monday rulings coming in on the cases have gone beyond losses however since trumps second term lower court judges have been writing critical opinions,https://www.alternet.org/trump-lawsuits-court-cases-2676669925/
546,alternet,trump aide who quietly controls the us government just doubled down,president donald trump has fired secretary of homeland security kristi noem and attorney general pam bondi but that does not mean his draconian antiimmigrant agenda will wind down according to a recent report the architect of that agenda remains as entrenched in power as everfar from acknowledging defeat mr miller appears to have simply adjusted his strategy in an effort to minimize political fallout wrote zolan kannoyoungs hamed aleaziz christopher flavelle emily cochrane and glenn thrush of the new york times in a sunday reportthe report elaborated that even as trumps,https://www.alternet.org/miller-immigrants/
551,The New York Times,stephen miller is still pursuing his immigration agenda but more quietly,the architect of president trumps mass deportation campaign wants a moratorium on immigration from third world countries until we can heal ourselves as a nation the chaos in minneapolis has not pushed him off that course,https://www.nytimes.com/2026/04/05/us/politics/stephen-miller-immigration-agenda.html
552,ABC News,child immigrant suffered alleged sexual abuse in federal custody family says,an immigrant family is grappling with the ordeal suffered by a yearold girl who endured alleged sexual abuse while her father fought for five months for her release from federal custody,https://abcnews.com/US/wireStory/3-year-immigrant-suffered-alleged-sexual-abuse-months-131738741
557,BBC News - US & Canada,us says it has arrested relatives of late iranian ​general qasem ​soleimani,the niece and grandniece of qasem soleimani are in the custody of us immigration and customs enforcement officials said,https://www.bbc.com/news/articles/cgqkn4j48qdo?at_medium=RSS&at_campaign=rss
561,The New York Times,foreign doctors forced out of us hospitals by trump immigration policy,physicians from  countries are being pushed out of us hospitals as a policy blocks their ability to work,https://www.nytimes.com/2026/04/04/us/trumps-immigration-policy-sidelines-foreign-doctors-amid-shortage.html
563,The New York Times,arrest of wisconsin mosque leader was tied to trump antisemitism campaign,immigration lawyers and former federal officials say the case of salah sarsour echoes those against other propalestinian activists,https://www.nytimes.com/2026/04/03/us/wisconsin-mosque-leader-antisemitism.html
576,alternet,trumps doj has lost every case its brought against la protesters,the attorney general might be out but the department of justice problems persist the los angeles times reported friday that every case federal prosecutors in la have pursued against protesters they allege assaulted federal officers have been droppedeven a federal judge is calling the us attorneys office amateur hour after losing one assault trial they have charged more than  protesters since june  claiming assault or interference with immigration enforcementus district judge andré birotte presided over a case in which federal prosecutors failed to disclose additional,https://www.alternet.org/los-angeles-ice-protests-prosecutions/
579,The New York Times,jobs and workers are in balance nobody is happy about it,lower immigration has brought labor supply in line with shaky demand but economists worry that such a slowmoving job market is at risk of toppling over,https://www.nytimes.com/2026/04/03/business/economy/population-growth-immigration.html
602,The New York Times,house punts on homeland security funding prolonging shutdown,even after speaker mike johnson agreed to a deal to fund the department of homeland security without immigration enforcement money the house failed to take it up amid hardright opposition,https://www.nytimes.com/2026/04/02/us/politics/house-dhs-funding-shutdown.html
608,The New York Times,house takes no action on homeland security funding prolonging shutdown,even after speaker mike johnson agreed to a deal to fund the department of homeland security without immigration enforcement money the house failed to take it up amid hardright opposition,https://www.nytimes.com/2026/04/02/us/politics/house-no-action-homeland-security-funding-shutdown.html
626,The New York Times,immigrant families are cautiously hopeful over supreme court birthright citizenship case,as the high court heard arguments on whether to limit birthright citizenship many people pondered what the decision could mean for future generations,https://www.nytimes.com/2026/04/01/us/politics/immigrant-reactions-supreme-court-birthright-citizenship.html
639,The New York Times,ending birthright citizenship would disproportionately affect asian legal immigrants,a new study found that most babies born without citizenship would be hispanic but the biggest relative increase would be among babies born to asian parents on visas,https://www.nytimes.com/2026/04/01/us/politics/birthright-citizenship-asian-immigrants.html
641,alternet,chief justice john roberts calls out trump solicitor generals quirky citizenship case,on wednesday the us supreme court heard oral arguments challenging key pieces of the th amendment that grant citizenship to anyone born on us soil from the early days of america people born on us soil were considered to be citizens even if their parents were immigrants its a rule that the us brought over from england as part of common law according to american civil liberties union aclu lawyer cody wofsy the original law was about monarchical power but in our young republic it found new life as a principle of equal citizenship the lawyer is among those arguing before,https://www.alternet.org/birthright-citizenship-2676648174/
643,The New York Times,cecillia wang the aclu lawyer is a birthright citizen,she has spent much of her career defending immigrants rights in america,https://www.nytimes.com/live/2026/04/01/us/supreme-court-birthright-citizenship/cecillia-wang-the-aclu-lawyer-is-a-birthright-citizen
646,BBC News - US & Canada,trump says he will attend birthright citizenship arguments at supreme court,as part of his immigration crackdown trump signed an order ending the right of children of undocumented people to get automatic citizenship,https://www.bbc.com/news/articles/c7vqny4e198o?at_medium=RSS&at_campaign=rss
647,alternet,rightwing editor tears into trumps endless national emergency declarations,president donald trump is displaying nothing short of narcissistic authoritarianism when he repeatedly describes various things as being a national emergency according to a rightleading editormuch like his notion of what constitutes a ‘national emergency trumps perception of existential threats to the republic is highly idiosyncratic wrote reason magazine editor jacob sullum in a piece published tuesday sullum then reviewed the list of issues that trump has characterized in apocalyptic terms including crime terrorism illegal immigration democratic electoral,https://www.alternet.org/trump-authoritarain/
649,The New York Times,the three big questions delaying new yorks budget,legislators are weighing tax increases on the wealthy and changes to laws meant to protect immigrants and the environment as the state budget deadline passes,https://www.nytimes.com/2026/04/01/nyregion/budget-delayed-hochul.html
670,alternet,i dont think i can vote republican anymore trump agenda killing support in red state,for decades democratic strategists have envisioned latinos as the key to making texas a blue state  or at least a swing state but so far that hasnt happened nationwide donald trump won  percent of the latino vote in  in texas according to the texas tribune he carried  percent of latino voters for trump immigration wasnt the liability among latinos that democrats hoped it would be many latinos include those in texas told pollsters that they wanted secure borders and had no problem deporting people who were in the country illegally and committed crimes but according to,https://www.alternet.org/trump-texas-latinos/
672,The New York Times,latino republicans in south texas turn on trump over birthright citizenship,frustrated by the trump administrations immigration crackdown some latino voters say they also disagree with his plan now before the supreme court to reject automatic citizenship for children born in the united states to immigrant parents,https://www.nytimes.com/2026/03/31/us/south-texas-latino-republicans-trump-birthright-citizenship.html
673,The New York Times,how immigration policies like birthright citizenship shaped the supreme court justices histories,as the justices prepare to hear a landmark case about birthright citizenship their family stories are a reminder that the law has shaped who can be an american,https://www.nytimes.com/2026/03/31/us/politics/supreme-court-birthright-family-histories.html
674,The New York Times,the supreme courts personal connections to immigration,as the court prepares to hear oral arguments in a landmark case on birthright citizenship our supreme court correspondent abbie vansickle traced the justices ancestries she found family histories that spanned the american experience including one case of birthright citizenship,https://www.nytimes.com/video/us/100000010764613/supreme-court-birthright-citizenship-justices-family-connections.html
676,The New York Times,senators seek answers from trump administration about airport immigration arrests,airport security officials have been sharing passenger data with immigration agents but the program received little attention until videos captured a woman and her daughter being detained at san franciscos airport,https://www.nytimes.com/2026/03/30/us/senators-trump-airport-immigration-arrests.html
678,The New York Times,mexico pressures us over deaths of its citizens in ice custody,claudia sheinbaum president of mexico said her country would take legal steps to demand better conditions at immigration detention facilities where she said  mexican citizens had died since president trump took office,https://www.nytimes.com/2026/03/30/us/mexico-ice-detention-deaths.html
685,alternet,four words will determine trump cases fate at the supreme court,the supreme court on april   will hear oral arguments in trump v barbara the case that challenges the trump administrations efforts to bar the children of immigrants without legal status from birthright citizenship by reinterpreting the terms of the th amendmentin january  president donald trump issued an executive order removing the recognition of citizenship for the usborn children of both immigrants here illegally and visitors here only temporarily the new rule is not retroactive this change in longstanding us policy sparked a wave of litigation when the justices,https://www.alternet.org/birthright-citizenship-trump/
697,alternet,republicans backed into a corner following political disaster,republicans have pushed themselves into a political disaster wrote punchbowl news jake sherman on monday morning in the sites morning newsletter it explained that for a short time democrats were being blamed for the government shutdown with the message being that they refused to fund immigration agents who had already been funded last year in donald trumps big beautiful bill now officials are taking off for the next two weeks leaving no end in sight unless the house can somehow force a vote using whats called a discharge petition punchbowl called it all pretty remarkable,https://www.alternet.org/republican-party-2676637219/
699,alternet,donald trump just made a ghastly confession,the minnesota star tribune reports that ice thugs have been following antiice state legislators around in their cars and standing in front of their homes taking pictures clearly intimidating threatsthey made a big show of pointing a camera way out their window so that i could see them taking pictures of my house threeterm state representative brad tabke told the newspaper his child was home alone at the time and the action according to tabke frightened him in an article written by allison kite the newspaper addedtabke said he saw what appeared to be federal immigration,https://www.alternet.org/alternet-exclusives/trump-confession/
707,The New York Times,5 takeaways from the no kings rallies as the midterms heat up,the war in iran was a galvanizing force but plenty of protesters focused on president trumps immigration crackdown senate candidates in several key races joined the crowds,https://www.nytimes.com/2026/03/29/us/politics/no-kings-rallies-takeaways.html
715,alternet,plans announced for nationwide general strike against trump,ezra levin cofounder of indivisible said on saturday that a nationwide general strike is being planned for may  that will be modeled on the day of action residents of minnesota organized in january against the brutality carried out by federal immigration enforcement officialsappearing at the flagship no kings rally in minneapolis levin praised the strength shown by the minnesota protesters in the face of the us immigration and customs enforcement ice siege of their city this year and said his organization wanted to replicate it across the countrythe next major national action of,https://www.alternet.org/trump-strike/
718,The New York Times,deaths in ice custody are growing they let him rot in there,as immigrant detainee deaths have increased conditions in detention facilities nationwide are coming under more scrutiny,https://www.nytimes.com/2026/03/29/us/ice-detention-deaths-immigrants.html
724,The New York Times,no kings protests decry trump and his agenda,thousands of organized demonstrations stretched across the country minnesota was a focal point of the protests after a tumultuous immigration crackdown,https://www.nytimes.com/2026/03/28/world/no-kings-minnesota-trump-immigration-iran.html
726,ABC News,no kings protesters set to rally in cities and towns across the country saturday,protests are expected in some  cities and towns across the country saturday against president donald trump and his immigration crackdown,https://abcnews.com/Politics/kings-protesters-set-rally-cities-towns-country-saturday/story?id=131472712
731,alternet,trump accidentally sabotaged his own party,the democrats in the congress held the line and won so far thats the story of the fight over the shutdown of the department of homeland security dhs they told the republicans they can have funding for dhs but not immigration and customs enforcement ice or they can have funding for all of dhs including ice but with major reforms to ice the republicans said no to both proposals for weeks during which time airports nationwide descended into chaos employees at the transportation security administration tsa were working without pay over time they called out sick so much that,https://www.alternet.org/trump-congress-2676632934/
747,alternet,cnn factchecks really astounding republican spin on shutdown,the house could vote and likely pass the senate bill to fund the department of homeland security but on friday afternoon speaker mike johnson rla made it clear hes not going tojohnson said in a press release that his members wont vote on the bill in its current form he trashed the senate for accepting a radical crazy agenda the bill fully funds all of dhs except customs and border protection cbp and immigration and customs enforcement ice both of those were already heavily funded through the big beautiful bill in but in a factcheck cnn made it clear johnson has,https://www.alternet.org/tsa-government-shutdown/
755,alternet,trumps shutdown stunt only accomplished one thing,when president donald trump sent us immigration and customs enforcement ice agents to airports on monday march  his hardcore maga allies applauded the move as a way to make things easier for overwhelmed transportation security administration tsa workers  who have been working without pay and coping with long airport lines during a partial federal government shutdown but the presence of ice agents didnt make those lines any shorter airline passenger will frampton told ms nows chris jansing that he showed up five hours early for a flight out of atlantas hartsfieldjackson,https://www.alternet.org/trump-ice-tsa/
764,The New York Times,floridas immigration crackdown led by desantis is showing cracks,some conservative sheriffs have raised concerns about the aggressive enforcement tactics that gov ron desantis a republican has embraced,https://www.nytimes.com/2026/03/27/us/florida-immigration-desantis-republicans.html
782,The New York Times,one republican farmer in wisconsin is bitter over trumps deportations,for  years tim oharrow has asked lawmakers to acknowledge that americas food supply depends on immigrants politics went in the other direction,https://www.nytimes.com/2026/03/27/us/politics/wisconsin-farmer-republicans-immigration-trump.html
788,alternet,disgraced matt gaetz deploys eyepopping slur in diatribe to pump up trump,a disgraced maga exlawmaker used an ableist slur on thursday during the annual cpac conference to describe people who disagree with president donald trumps immigration agendai come from the wing of the republican party that is only loyal to one nation and that is the united states of america gaetz declared after describing the long delays at airports he denounced democrats and their supporters for backing the ongoing partial government shutdownnot paying tsa and our cybersecurity professionals and those protecting americas networks and critical infrastructure  not paying,https://www.alternet.org/matt-gaetz-slur/
790,alternet,federal judge dunks trump lawyers for misstating the law and misquotations,president donald trumps department of justice appears to be catching his habit of playing loose with the facts but the problem for his federal attorneys is theyre delivering their bogus info to judges who appear to take issue with itus district judge nancy brasel wiped doj attorneys in a thursday decision and schooled them on the importance of honesty in research when submitting argumentsas part of operation metro surge immigration and customs enforcement officers arrested thousands of noncitizens transported them to a holding facility flew them across the country and,https://www.alternet.org/trump-doj-lawyers-staffing/
834,The New York Times,for 2nd time an appeals court backs the trump administrations detention policy,courts are weighing whether the administration can hold undocumented immigrants without bond an issue that may be resolved by the supreme court,https://www.nytimes.com/2026/03/25/us/politics/trump-appeals-court-detention-bond.html
843,alternet,trumps doomed midterms plot would never hold up in court experts,president donald trumps potential plan to deploy his own personal army could be doomed to fail with one cnn reporter revealing that numerous experts have said it would not hold up in courttrumps maga allies have recently suggested that his decision to deploy federal immigration agents to airports dealing with tsa staffing shortages is a trial run for deploying the same agents to polling places during midterm voting in november steve bannon the onetime adviser to the president and prominent maga advocate has made such suggestions frequently claiming that the federal agents would be,https://www.alternet.org/Bank/trump-midterms-2676619458/
852,alternet,how trumps sadistic plan to bully liberals is backfiring badly,on friday march  a woman identified as linda from arizona called into a rightwing radio program the clay travis and buck sexton show with a suggestion sending us immigration and customs enforcement ice agents to airports president donald trump later did exactly that and his supporters praised the move as a way to help us transportation security administration tsa workers who are feeling overwhelmed as a partial shutdown of the federal government drags onlindas main concern however wasnt helping tsa employees but upsetting liberals and progressives linda told the,https://www.alternet.org/msn-uk/trump-ice-marcotte/
857,The New York Times,somali immigration cases fasttracked under new policy lawsuit claims,two minnesotabased legal groups accused the justice department of unconstitutionally expediting somalis immigration cases undermining their right to a fair legal process,https://www.nytimes.com/2026/03/24/us/dhs-fast-track-somali-deportations-lawsuit.html
867,ABC News,watch travel disruption continues even after deployment of ice agents to us airports,berardi immigration law managing partner rosanna berardi answers questions about the role of ice agents in us airports,https://abcnews.com/video/131378836/
872,alternet,the uncomfortable truth is that trumps base only worships one thing analysis,president donald trumps supporters comprising anywhere from the low s to the low s of the american electorate will not waver because there is no trumpism  only worship of a personalityi would argue its more of a pugnacious attitude with a handful of immovable north stars immigration enforcement tariffs disregard for multilateralism and every other policy decision negotiable  up to and including the federal government taking an ownership stake and some degree of control over private companies conservative columnist jim geraghty wrote for the washington post on,https://www.alternet.org/trump-worship/
889,alternet,trump administration is overseeing the largest fee fraud in us history cato report,according to a new report from the libertarian think tank the cato institute the trump administration has presided over what researcher austin kocher called the largest fee fraud in the history of the american immigration system collecting over  billion in application fees before refusing to process the applications the situation is a direct result of the various travel bans and other antiimmigrant policies enacted by president donald trump over both his terms immigrant visa applications cost thousands of dollars and by law the government is required to take action on an,https://www.alternet.org/news-politics/trump-2676612816/
891,The New York Times,gregory bovinos final days harsh words and few regrets,he was the face of the trump administrations immigration crackdown but as he begins a retirement that was not entirely voluntary the border patrol leader says he did not go far enough,https://www.nytimes.com/2026/03/24/us/gregory-bovino-border-patrol.html
895,The New York Times,34 former military members were put on deportation track in the past year,the trump administration has ramped up enforcement against immigrant service members and their families in its wider crackdown,https://www.nytimes.com/2026/03/24/us/politics/veterans-deport-immigrants-trump.html
899,The New York Times,stephen miller asks why texas pays to teach undocumented children,citing gridlock in washington president trumps top immigration adviser encouraged texas lawmakers to lead on conservative priorities,https://www.nytimes.com/2026/03/24/us/politics/stephen-miller-asks-why-texas-pays-to-teach-undocumented-children.html
903,The New York Times,trumps new political tool ice,president trump has increasingly used immigration and customs enforcement to push personal and political objectives and on monday sent agents to airports across the country to help deal with long security lines,https://www.nytimes.com/2026/03/23/us/politics/trump-ice-airports.html
924,alternet,cnn report traces trumps airport federal agent idea to fox news radio host,today videos and images of ice agents at airports are popping up all over the internet the result of president donald trumps promise to send federal immigration agents to support security efforts with tsa agents working without pay until congress agrees on a funding bill many are calling in sick or quitting altogether causing security wait times as long as four hours at some airports while debates are raging as to the value of trumps decision it seems we may know where he got the controversial idea in the first place fox newsaccording to the facebook page of the fox radio show,https://www.alternet.org/trump-fox-news-2676579703/
925,alternet,tsa agent if federal agents want to help they can buy us lunch,an agent for the transportation security administration tsa has some advice for federal agents stepping in to help with airport security cameron cochems tsa lead transportation security officer and afge local  regional representative told cnn that if immigration and customs enforcement ice truly wanted to help the airport agents then they should buy us lunch speaking with boris sanchez on monday afternoon cochems explained that many officers have no choice but to call out because they cant afford childcare so trumps promise of a  bonus may not necessarily be an,https://www.alternet.org/tsa-ice/
929,alternet,rattled trump is stepping into a trap  and his enemies are celebrating,democrats are quietly celebrating president donald trumps decision to deploy federal immigration agents to airports amid tsa staffing shortages with reporter rachael bade citing several sources who said the panicked shows that he is desperate and in for a rude awakeningtsa agents have been working without pay for weeks now amid an ongoing shutdown at the department of homeland security with democrats refusing to go along with a funding bill without measures to rein in ice and cbp agents the party has put forward measures to independently fund the tsa as staffing shortages have led to,https://www.alternet.org/trump-ice/
932,alternet,photos of federal agents standing around airports doing nothing draw criticism,president donald trump on monday championed the idea of deploying immigration and customs enforcement ice agents along with other federal agents to airports he compared himself to the inventor of the paper clipdemocrats have proposed legislation that would specifically fund tsa while the negotiations are ongoing republicans have refused trump told reporters monday that he told republicans they cant support any democratic proposal unless they also agree to pass his voting restrictions bill nbc news confirmed that trump shut down the deal ice thug thought bubble hey were getting paid,https://www.alternet.org/ice-at-airports-tsa/
953,The New York Times,immigrant detentions and deportations leave pets behind,as immigrant detentions and selfdeportations soar animal welfare groups in cities like new orleans scramble to feed foster and rehome the pets left behind,https://www.nytimes.com/2026/03/23/us/trump-ice-deportations-pets-left-behind.html
971,The New York Times,ice will deploy to airports to ease long lines border czar confirms,tom homan president trumps chief border official said plans were being drawn up to send immigration and customs agents to us airports,https://www.nytimes.com/2026/03/22/us/politics/ice-airports-homan-trump.html
989,alternet,that one time stephen miller told the truth,white house advisor stephen miller is a liar but he did tell the truth one time well he said something with truth hidden inside it but you had to squint of course he was projectingduring a recent oval office meeting miller accused immigrants of theft once donald trumps deportation measures were fully in place all of this theft would stop and it would be enough to balance the budget he said the extraction of wealth from american taxpayers to people who dont belong here is the primary cause of the national debtsee what i mean projectionin reality the people who,https://www.alternet.org/stephen-miller-truth/
